"Turma","Antes de participar neste projeto, você tinha  experiência previa participando em projetos de desenvolvimento de software usando metodos ágeis?","O conteúdo ministrado durante a disciplina foi suficiente para executar o projeto","Quão motivado você esteve durante o desenvolvimento do projeto da disciplina?","Na sua opinião, o processo ágil foi adequado ao desenvolvimento do projeto?","Na sua opinião, o processo ágil foi aplicado adequadamente com os participantes trabalhando a distância?","Na sua opinião, o processo ágil ajudou no desenvolvimento do projeto à distância?","Quais foram as maiores dificuldades para desenvolver o projeto?","Ao cursar a disciplina, você sente que aprendeu melhor sobre Engenharia de Software com a prática?","Apresente sugestões para melhorar a abordagem baseada em projetos usada na disciplina.","Se desejar, comente outros aspectos sobre a sua experiência ao desenvolver o projeto e forneça sugestões adicionais.","Você sente que aprendeu melhor sobre Engenharia de Software com as aulas  presenciais?","Na sua opinião o que poderia ser empregado para apoiar e/ou melhorar o Ensino de Engenharia de Software.","Na sua opinião, quais foram os tópicos da engenharia de software mais dificeis de entender?","Quais foram os tópicos da engenharia de software que você mais gostou?","Quais tópicos da engenharia de software que não foram abordados durante a disciplina  ou outras disciplinas de engenharia de software você teria gostado de aprender?"
2020,"Não",4,5,5,5,5,"entender o método ágil e aplicá-lo ao mesmo tempo","Sim","Antes de iniciar o projeto, deveria ter sido um planejamento melhor para que todas partes do aplicativos e as equipes se integrassem ","Apenas a questão do planejamento mesmo","Não","Desenvolver e planejar projetos de software, assim como realizado na disciplina","Processos ágeis","Arquitetura de software","Padroes de Projeto"
2020,"Não",4,3,4,3,4,"não conhecer as tecnologias envolvidas no desenvolvimento, conciliar o projeto com as outras atividades do semestre, trabalhar com as outras equipes, desenvolvimento do projeto a distância","Sim","Dar mais tempo aos alunos para dividir melhor os sprints e evitar a unificação dos trabalhos. ","Não tenho mais comentários. ","Não sei opinar","Houveram muitos 'microtrabalhos' que levavam muito tempo. O ideal seria que o tempo de execução de um trabalho fosse semelhante à sua nota ou ainda importância para a disciplina.","Arquitetura de software","Teste de software","Não sei se faltou algo.."
2020,"Sim",5,3,5,4,4,"trabalhar com as outras equipes, desenvolvimento do projeto a distância","Sim","Acho muito boa a ideia de cada grupo escolher o próprio projeto e seus próprios métodos. Assim, se um grupo escolher um projeto de escopo menor, mas decidir gastar tempo estabelecendo métodos de engenharia de software (testes,automação,CI), seria viável.
Também acho inviável todos da sala participarem do mesmo projeto, como foi atualmente. Para um projeto dessa escala realmente funcionar acho que seria necessário um nível de organização e comprometimento, que sairiam do escopo da disciplina de engenharia de software.","nenhum comentário ","Não","Acredito que as ferramentas atuais foram boas o suficientes. ","Qualidade do produto (requisitos não funcionais, requisitos de atributos de qualidade)","Arquitetura de software","Acho que poderíamos ter aprendido um pouco (Obviamente não aprofundado), como funciona o processo de integração continua atualmente. Como docker/kubernetes e outras ferramentes permitem esse desenvolvimento continuo. Obviamente não seria possível detalhar o funcionando dessas ferramentas. Mas acho que seria interessante explicar o seu funcionando num alto nível de abstração, para que os alunos, possam ao menos saber de sua existência, e como funcionam num nível básico."
2020,"Não",4,5,5,5,5,"não conhecer as tecnologias envolvidas no desenvolvimento, conciliar o projeto com as outras atividades do semestre, trabalhar com as outras equipes","Sim","Projetos em equipes e que sejam independentes entre si, dado que a integração com os outros módulos dificulta para pessoas com pouca experiência das ferramentas.","Aprendi bastante sobre o React Native, não conhecia a linguagem e gostei de ver na prática como é a produção de um App, coisa que não tinha visto ainda em quatro anos de graduação.","Não","Durante o semestre, criar atividades com a linguagem que será utilizada durante o desenvolvimento do projeto. Por exemplo, exercícios práticos de React Native durante o semestre ajudaria bastante no desenvolvimento do projeto.","Arquitetura de software","Engenharia de Requisitos","Desenvolvimento de back end e integração com o front end de forma mais apronfundada"
2020,"Não",1,3,5,2,5,"não conhecer as tecnologias envolvidas no desenvolvimento, conciliar o projeto com as outras atividades do semestre, a equipe não colaborou para a aplicação do processo ágil, espaço e infraestrutura não adequados","Sim","Inserção dos conceitos e tecnologias no início do curso. Exemplo da atividade de teste, que já nos prepara no pré-desenvolvimento, além de um feedback mais forte no início do projeto em relação ao próximos passos, quão realista é as atividades da equipe. Com um direcionamento mais forte no início, que melhora o andar ao longo do desenvolvimento. Exemplo: o backlog da equipe faz sentido? Essa deadline está realista? Espécies de micro avaliações pode ser útil, como uma avaliação por semana em um dado aspecto do projeto. Como o projeto está atrelado com a avaliação do Docente. Esse pode simular o papel do cliente e coletar e avaliar com menor prazo. Como foi muito aberto a distribuição não foi homogênea e fui muito direcionado para o Scrum Master, que também é um aluno, onde acaba que a organização fica muito concentrada na autonomia da equipe. Algo que a princípio faz sentido, mas como são alunos, pode não conversar com o caso real. (Já que não tem risco de demissão ou algo do tipo, o senso de urgência é diferente).","Excelente experiência para aprender a desenvolver, sai outra pessoa depois do projeto, tinha zero contato com o react e linguagem web e agora consigo desenvolver um aplicativo do zero, ou seja, realmente a prática me ajudou como poucas disciplinas na graduação. Algumas sugestões que eu daria: melhorar a distribuição da relação teoria e prática, já colocando a prática bem mais cedo no curso, outra seria o cuidado com a divisão dos cargos nas equipes. Eu por exemplo aprendi demais no projeto porque coloquei a mão na massa para desenvolver o aplicativo, entender o firebase e o react, mas não tive muito contato com os teste por exemplo. Ou seja, no meu ponto de vista a diferença de aprendizado dos alunos é muito grande por conta dos cargos, e essa não é a ideia de uma disciplina. Alguns membros da minha equipe não desenvolveram em nada ou muito pouco em algum aspectos, outros aprenderam demais, e uma boa parte disso foi pelo cargo. Ou seja, talvez uma rotatividade de cargos pode ser útil, ou uma distribuição de atividades visando colocar todos os alunos em contato com a prática. ","Sim","Como comentado anteriormente, um certo contato com a prática do desenvolvimento mais cedo, digo isso como uma maneira de priorização também (tentar cobrir os diversos tópicos de Eng Soft não me parece proveitoso). Uma abordagem sobre o core para um primeiro contato, como o scrum (não cair em muitas fragmentações de framework por exemplo) e junto com isso a consolidação e dúvidas geradas pela prática me parece uma melhor abordagem. Eu como aluno saio da disciplina com um conhecimento levado majoritariamente pelo projeto e a parte teórica que foi útil no desenvolvimento do próprio.","Gerenciamento de projetos de software","Gerenciamento de projetos de software","BI - Business Intelligence"
2020,"Não",2,1,5,2,3,"não conhecer as tecnologias envolvidas no desenvolvimento, trabalhar com as outras equipes","Sim","Se o projeto fosse passado desde o início da disciplina teria sido bem melhor. Creio que ter feito ele totalmente no final do semestre pesou bastante na qualidade do conteúdo desenvolvido.","Eu gostei bastante da ideia da própria equipe poder escolher seu projeto. No meu caso, por exemplo, eu nunca havia utilizado javascript, react, jest etc. Se meu projeto fosse algo que utilizasse python, machine learning ou coisas do tipo, eu ficaria bastante animado para realizá-lo, porém por ter sido um projeto em uma área que eu não gosto e não tenho familiaridade, eu creio que acabou prejudicando bastante o aprendizado do processo ágil, que era o foco do trabalho.","Sim","Eu gostei bastante da disciplina e fiquei muito feliz com o empenho da professora em ministrá-la. Creio que o projeto é a única coisa que deva ser melhor aprimorada. De resto, ficou muito bom!","Arquitetura de software","Teste de software","Creio que todos os tópicos que eu tinha interesse em aprender foram abordados. A única coisa que me agradaria é se teste de software fosse ensinado um pouco mais afundo, mas não sei se cabe no escopo da disciplina."
2020,"Não",5,4,5,3,5,"não conhecer as tecnologias envolvidas no desenvolvimento, conciliar o projeto com as outras atividades do semestre, trabalhar com as outras equipes","Sim","Gostei bastante da sugestão do trabalho. Como abordado por alguns colegas em algumas reuniões, uma das maiores dificuldades dos grupos foi aprender as tecnologias necessárias para desenvolver o software. Sei que no mercado de trabalho situações assim podem acontecer frequentemente (de ter que aprender uma tecnologia nova em pouco tempo e desenvolver algo), mas creio que na disciplina ficou um pouco corrido, e se o projeto tivesse sido apresentado no meio do semestre daria mais tempo para desenvolvermos o know-how de como realizar de forma adequada o projeto. Acredito que a ideia de fazer um aplicativo com módulos integrados de cada grupo também não deu muito certo, pois diferentes grupos tinham dedicações diferentes em relação ao trabalho, o que tornou difícil a conciliação de todos os grupos!","Gostei muito da disciplina como um todo, o projeto foi bem interessante! Parabéns Lina pelo oferecimento da disciplina e do projeto, foram bastante satisfatórios e eu com certeza aprendi muito!!!","Sim","Talvez algum estudo de caso de como empresas grandes aplicam as metodologias tradicionais e ágeis seria interessante.","Qualidade do produto (requisitos não funcionais, requisitos de atributos de qualidade)","Processos ágeis","Acredito que os tópicos mais relevantes foram abordados de maneira ideal!!!"
2020,"Não",4,3,5,4,5,"não conhecer as tecnologias envolvidas no desenvolvimento, conciliar o projeto com as outras atividades do semestre, trabalhar com as outras equipes, desenvolvimento do projeto a distância","Sim","Um projeto para cada equipe, que seja desenvolvido ao longo de todo o semestre",".","Sim",".","Teste de software","Arquitetura de software","."
2020,"Sim",5,3,5,3,5,"não conhecer as tecnologias envolvidas no desenvolvimento, conciliar o projeto com as outras atividades do semestre, desenvolvimento do projeto a distância","Sim","Projetos mais relacionados com as habilidades que os alunos já possuem, como C, Java, Modelagem Orientada a Objetos, etc.
Divisão da sala em equipes com um mesmo projeto, o qual é possível compartilhar como cada um está desenvolvendo seu projeto e, ao final, todos apresentam juntos ","Senti pouca presença da Monitora, talvez eles pudessem ter dado mais ajuda técnica com relação ao aprendizado dos stacks tecnológicos.
O projeto poderia ser realizado ao longo do semestre inteiro, realizando conjuntamente com o aprendizado das metologias ágeis e com mais tempo para a implementação do projeto. ","Sim","Uso de cases reais como exemplo para os conceitos ensinados. (ex. determinada empresa trabalha com sprints semanais, mas a empresa y viu que é mais adequado pro seu modelo de negócios outra metodologia)","Arquitetura de software","Processos ágeis","Acredito que sobre a presença dos requisitos na experiência do usuário (como pensar em fluxos de telas, e nas melhores maneiras de arquitetar um front-end amigável ao usuário)"
2020,"Não",5,5,4,3,3,"não conhecer as tecnologias envolvidas no desenvolvimento, conciliar o projeto com as outras atividades do semestre","Sim","Acredito que un projeto por grupi seria melhor e talvez comentar sobre os projetos desde o início da disciplina, mesmo que não fossemos iniciar o projeto (pois é preciso de ser dado o conteúdo teórico antes) já poderíamos ir estudando a tecnologia com mais calma","Foi bem bacana ter um projeto prático, gostei muito de aprender react e js","Não","Acredito que tivesse um exemplo de como foi aplicado certos conceitos, como metodologia ágil, na prática por empresas reais seria bacana","Processos ágeis, Qualidade do produto (requisitos não funcionais, requisitos de atributos de qualidade)","Arquitetura de software","Acredito que nenhum"
2020,"Sim",4,3,4,4,4,"não conhecer as tecnologias envolvidas no desenvolvimento, conciliar o projeto com as outras atividades do semestre, desenvolvimento do projeto a distância, Comunicação entre as equipes foi um pouco difícil de se organizar","Sim","Utilizar linguagens ou temáticas que a turma se sentisse mais a vontade ou mais entusiasmo.","Talvez nos dar um norte maior no começo, uma ideia seria definir nossas tarefas no início do projeto e depois passar a tarefa de definir o Sprint pra gente. Como era tudo muito novo senti que ficamos meio perdidos no início","Não sei opinar","Tarefas práticas mais pontuais, senti que nos foram dados casos reais muito amplos, muito trabalhoso extrair do caso a teoria que estava nos sendo dada.","Qualidade do produto (requisitos não funcionais, requisitos de atributos de qualidade), Gerenciamento de projetos de software","Engenharia de Requisitos, Arquitetura de software, Teste de software","Não sei dizer"
2020,"Não",5,5,5,4,5,"não conhecer as tecnologias envolvidas no desenvolvimento, conciliar o projeto com as outras atividades do semestre, desenvolvimento do projeto sem contato direto com o grupo, desenvolvimento do projeto a distância","Sim","Dar mais liberdade criativa para o projeto. Não necessariamente deixar que os alunos escolham qualquer coisa, mas pelo menos decidir o próprio app dentro de um tema. Creio que a motivação aumentaria","Tive uma experiência agradável como dev., nada à adicionar","Não sei opinar","Achei as aulas muito boas e os exercícios também, não sei o que opinar","Qualidade do produto (requisitos não funcionais, requisitos de atributos de qualidade), Arquitetura de software","Processos ágeis, Arquitetura de software, Teste de software, Gerenciamento de projetos de software","."
2020,"Sim",3,5,5,5,5,"não conhecer as tecnologias envolvidas no desenvolvimento, conciliar o projeto com as outras atividades do semestre, trabalhar com as outras equipes","Sim","Trazer projetos diferente para cada equipe, ensinar previamente o que será utilizado para o desenvolvimento(no caso do projeto atual da disciplina o react native), começar o projeto com mais antecedência para que tivesse mais tempo para trabalhar nele.","Foi um bom aprendizado fazer o projeto, acho que foi a melhor parte da disciplina, por isso acho que o desenvolvimento do projeto poderia ter começado antes junto das aulas teóricas que ainda aconteciam.","Sim","Como a máteria está sendo EAD não tem muito como melhorar, talvez propor mais trabalhos práticos que possam ser feitos a distância como foi feito o projeto final, porém de forma mais simples, que iriam preparar os alunos para o projeto final.","Arquitetura de software, Teste de software, Gerenciamento de configuração","Processos ágeis, Melhoria continua do processo de desenvolvimento de software, Qualidade do produto (requisitos não funcionais, requisitos de atributos de qualidade), Arquitetura de software, Gerenciamento de configuração","Não sei."
2020,"Não",3,3,5,5,4,"não conhecer as tecnologias envolvidas no desenvolvimento, conciliar o projeto com as outras atividades do semestre, espaço e infraestrutura não adequados","Sim","Uma introdução sobre as tecnologias seria adequado.
Indicar ou produzir alguns tutoriais básicos para as tecnologias ajudariam num pontapé inicial.","Acho que todos os desenvolvedores tiveram uma dificuldade inicial para aprender as tecnologias do react native e firebase. No começo do projeto, que foi dedicado aos estudos das tecnologias, não consegui me aplicar neles, pois estava ocupado com outras matérias do semestre. Isso me levou a ficar um pouco defasado em relação aos meus colegas desenvolvedores, o que me impediu de ter uma participação muito efetiva, mas mesmo assim tentei ajudar da melhor forma possível.

Como o próprio arquiteto citou, a dificuldade de não conhecer a tecnologia foi um desafio para uma posição que deve justamente conhecer bem e muitas vezes antever o que será produzido. Isso acaba refletindo também no trabalho dos desenvolvedores. Acho que um acompanhamento e direcionamento dos arquitetos também seria algo adequado.

De outro ponto de vista, um projeto com uma complexidade maior evita que o trabalho fique concentrado em poucas pessoas, faz com que haja mais colaboração e a metodologia scrum possa ser efetivamente aplicada.

No geral, achei muito interessante o trabalho da disciplina. Não somente por tratar de tecnologias atuais, mas principalmente por propiciar a experiência de um método ágil na prática e de trabalho em grupo. Nos trabalhos da graduação, normalmente os grupos são menores e não há essa colaboração e comunicação como a desenvolvida na disciplina.

","Não sei opinar","O conteúdo é bem prático, por isso acho essencial as atividades práticas.","Melhoria continua do processo de desenvolvimento de software, Arquitetura de software","Engenharia de Requisitos, Arquitetura de software","Nenhum que eu saiba."
2020,"Não",5,4,5,4,3,"trabalhar com as outras equipes, desenvolvimento do projeto a distância","Sim","Acho que para essa abordagem de várias equipes trabalhando no mesmo projeto, seria necessário estabelecer reuniões semanais entre os arquitetos e sm para melhor colaboração, alinhamento e execução conjunta.","Foi muito interessante desenvolver esse projeto usando um método ágil. Acho que uma sugestão que posso deixar (mas que foi falada por outro aluno em alguma das reuniões) é já começar a utilizar o stack tecnológico do projeto final desde o início da disciplina para que todos já estejam familiarizados com as tecnologias no momento do projeto.","Sim","Talvez alguns encontros online mais regulares para tirar dúvidas e discutir aspectos extras dos tópicos abordados.","Gerenciamento de projetos de software","Qualidade do produto (requisitos não funcionais, requisitos de atributos de qualidade), Arquitetura de software, Teste de software, Gerenciamento de configuração, Gerenciamento de projetos de software","Gostaria de aprender mais sobre teste de software."
2020,"Sim",2,4,5,4,5,"não conhecer as tecnologias envolvidas no desenvolvimento, conciliar o projeto com as outras atividades do semestre, trabalhar com as outras equipes","Sim","Acho que faltou no início deixar mais claro para os POs como dividir melhor as tarefas. Mas isso exige um conhecimento técnico de desenvolvimento","Não tenho mais aspetos a comentar","Não sei opinar","Acho que se pudessemos acompanhar 1 Sprint da monitora antes de iniciar o projeto, teríamos mais noção das boas práticas.","Melhoria continua do processo de desenvolvimento de software, Arquitetura de software","Processos ágeis, Engenharia de Requisitos, Qualidade do produto (requisitos não funcionais, requisitos de atributos de qualidade), Arquitetura de software, Gerenciamento de projetos de software","."
2020,"Não",3,3,5,4,5,"não conhecer as tecnologias envolvidas no desenvolvimento, conciliar o projeto com as outras atividades do semestre","Sim","As tecnologias usadas no desenvolvimento do projeto poderiam ser introduzidas aos alunos durante todo o semestre, como uma forma de melhorar a absorção do conhecimento e facilitar o desenvolvimento do projeto no fim do curso, visto que a maior parte da turma não tinha tido nenhum contato anterior com as ferramentas antes de ter que aplicá-las. Essa introdução as tecnologias poderia, por exemplo, substituir as atividades semanais teóricas a respeito da disciplina.","Friso a necessidade da introdução das novas tecnologias durante todo o semestre para que o desenvolvimento do projeto seja facilitado e uma maior flexibilidade nas datas de entrega dos exercícios ou uma diminuição na complexidade dos exercícios, que tomavam bastante tempo.","Sim","Acho que as abordagens utilizadas já foram mais que suficiente, com exceção de alguns detalhes já apontados.","Qualidade do produto (requisitos não funcionais, requisitos de atributos de qualidade), Teste de software","Engenharia de Requisitos, Teste de software","Não tenho ciência de outros tópicos que poderiam ser abordados."
2020,"Sim",3,4,5,3,4,"entender o método ágil e aplicá-lo ao mesmo tempo, não conhecer as tecnologias envolvidas no desenvolvimento, trabalhar com as outras equipes","Sim","Acho que talvez uma noção básica sobre a construção de um app fosse muito importante, já que muita gente mal tinha noção da construção básica de aplicações web e nem das tecs usadas. Talvez uma aula sobre infra (servidor, consumo de api e react), as tecnologias e implementação ao vivo, junto com os alunos com certeza ajudaria bastante!","Acho que sou bem grato pela troca de experiências e os ensinamentos sobre como planejar um sprint efetivo. Além de ter sido bem empregado na disciplina, tive a oportunidade de melhorar minhas skills e ja aplicá-las no dia a dia da minha startup","Não sei opinar","Acho que um foco maior na pratica durante o semestre com modulo menores de app","Qualidade do produto (requisitos não funcionais, requisitos de atributos de qualidade), Arquitetura de software, Teste de software","Processos ágeis, Engenharia de Requisitos, Qualidade do produto (requisitos não funcionais, requisitos de atributos de qualidade), Arquitetura de software, Gerenciamento de projetos de software","Benchmark das tecnologias usadas no mercado, estudo de case de arquitetura de códigos bons e ruins e dicas sobre quais os próximos passos para quem quer seguir com essa carreira"
2020,"Não",4,4,5,5,5,"não conhecer as tecnologias envolvidas no desenvolvimento","Sim","Como eu já havia exposto em uma das conferências, eu acredito que se a linguagem de programação usada fosse lentamente sendo cobrada dos alunos ao longo do semestre, o projeto prático seria desenvolvido muito melhor. Na minha opnião, a linguagem poderia ir sendo gradualmente cobrada nas atividades que foram aplicadas ao longo do semestre, sendo que além delas possuirem questões sobre a matéria poderia haver também um exercício bônus no final com uma questão de programação.","Eu gostei de como a disciplina foi aplicada, queria parabenizar a professora, pois acredito que todos os alunos compreenderam o contéudo e que ela ministrou a matéria muito bem. De sugestão, eu acho que as atividades semanais que foram aplicadas ao fim de cada módulo deveriam ser menos extensas, visto que o objetivo é sejam feitas em um curto período de prazo, e diminuindo elas seria possível inserir uma questão prática sobre a linguagem de programação que vai ser usada ao final do semestre ou sobre alguma tecnologia.","Não","Como eu já disse em questões anteriores, ensinar a linguagem ao decorrer do semestre. O que eu acredito que seria muito bom até porque muitos dos alunos nunca tiveram contato com JavaScript, assim como eu, e como é uma linguagem muito usada hoje em dia, é importante conhecê-la, e também as tecnologias que foram usadas.","Engenharia de Requisitos, Melhoria continua do processo de desenvolvimento de software, Qualidade do produto (requisitos não funcionais, requisitos de atributos de qualidade), Arquitetura de software","Processos ágeis, Engenharia de Requisitos, Melhoria continua do processo de desenvolvimento de software, Qualidade do produto (requisitos não funcionais, requisitos de atributos de qualidade), Arquitetura de software, Teste de software, Gerenciamento de configuração, Gerenciamento de projetos de software","Então, eu quero estudar melhor todos os tópicos durante as férias para depois poder ter uma opnião melhor sobre o que eu gostaria de ter aprendido a mais. Eu gostei muito da matéria, acho que me estimulou a me aperfeiçoar em alguma das áreas aprendidas, mas meu conhecimento sobre elas ainda é básico."
2020,"Sim",3,3,4,4,4,"trabalhar com as outras equipes, Tempo","Sim","Acredito que se as tecnologias tivessem sido aprendidas ao longo do semestre, ao invés de somente pro projeto, teria aumentado bastante o rendimento e aproveitamento do projeto. O fato das tecnologias serem desconhecidas pelo time(Javascript como linguagem de programação, React como Framework) fez com que aumentasse muito a dificuldade de implementação do projeto para as equipes.","Iniciar abordagem das tecnologias mais cedo, menores grupos de projeto(Não ser a sala inteira pela dificuldade de coordenação)","Não","Mais exemplos de arquitetura de softwares pra cada tipo diferente de escopo de aplicação:
Arquitetura fail tolerant, arquitetura modular, etc etc ","Teste de software","Qualidade do produto (requisitos não funcionais, requisitos de atributos de qualidade), Arquitetura de software, Teste de software, Gerenciamento de projetos de software","Engenharia de software voltado a aplicações:
Diferentes fluxos de engenharia pra projetos: data-intensive, data-driven, IA, computação intensa/paralela/distribuida, etc etc -> o que cada arquétipo de software requer como engenharia para ter alta qualidade?
Ferramentas de software:
Quais serviços usar: Escolho Java ou JS para Back-end? Sql ou PostGre? Uso python ou c ?
Quais são as tecnologias mais populares e usadas ?
React, Angular, Google cloud"
2020,"Não",5,4,4,4,5,"não conhecer as tecnologias envolvidas no desenvolvimento, conciliar o projeto com as outras atividades do semestre, trabalhar com as outras equipes","Sim","Disponibilizar os links passados nesse projeto, como o curso de js do freecodecamp, para as próximas turmas terem bons lugares onde aprender sobre a tecnologia","Foi muito válida, ver os erros que podem dar e perceber que pode evitá-los é um grande aprendizado","Não","Alguma aula com um scrum master para ele comentar a rotina diária, de quem ele puxa mais o pé, como ele se organiza em reuniões, o relato do dia a dia com o scrum em uma empresa","Arquitetura de software, Teste de software, Gerenciamento de configuração","Processos ágeis, Engenharia de Requisitos, Melhoria continua do processo de desenvolvimento de software, Qualidade do produto (requisitos não funcionais, requisitos de atributos de qualidade), Gerenciamento de projetos de software","Como lidar e se comunicar com alguém que está agindo com menos responsabilidade, e reestruturar o grupo para isso."
2020,"Não",4,5,5,5,5,"não conhecer as tecnologias envolvidas no desenvolvimento, conciliar o projeto com as outras atividades do semestre, trabalhar com as outras equipes","Sim","Usar ferramentas já conhecidas ou se houvesse um treinamento para usá-las  poderia facilitar o projeto","Foi difícil conciliar tempo do projeto com outras atividades, principalmente por não estar em São Carlos","Não sei opinar","Não sei opinar","Arquitetura de software, Gerenciamento de configuração, Gerenciamento de projetos de software","Processos ágeis, Teste de software","DevOps"
2020,"Não",3,3,5,2,4,"não conhecer as tecnologias envolvidas no desenvolvimento, conciliar o projeto com as outras atividades do semestre, trabalhar em equipe, trabalhar com as outras equipes, desenvolvimento do projeto a distância","Sim","Por hora sem sugestões, acho que o principal mesmo foi fazer à distância","Sem sugestões","Sim","Acredito que um foco maior nas práticas de eng soft em detrimento da execução arbitrária do projeto(de cada equipe), melhorando a integração entre equipes","Melhoria continua do processo de desenvolvimento de software, Arquitetura de software, Gerenciamento de configuração, Gerenciamento de projetos de software","Processos ágeis, Engenharia de Requisitos, Qualidade do produto (requisitos não funcionais, requisitos de atributos de qualidade), Teste de software","não sei"
2020,"Sim",4,4,5,5,5,"conciliar o projeto com as outras atividades do semestre","Sim","Projetos separados para cada equipe definitivamente ajudariam","Foi extremamente proveitoso e ajudou muito a entender realmente o conceito de engenharia de software","Não sei opinar","A abordagem utilizada foi ótima, apenas melhoraria o que já foi comentado","Melhoria continua do processo de desenvolvimento de software, Teste de software, Gerenciamento de configuração","Processos ágeis, Engenharia de Requisitos, Arquitetura de software","eXtreme Go Horse"
2020,"Sim",4,3,3,3,4,"conciliar o projeto com as outras atividades do semestre, trabalhar com as outras equipes","Sim","O projeto final poderia ser trabalhado durante todo o semestre, assim, as atividades realizadas antes (de histórias de usuarios, requisitos, e até mesmo a atividade pratica com testes em Java) poderiam ser focadas no projeto da disciplina. Acredito que ao final do semestre teríamos um produto melhor e seria facil a visualização de todo o conteúdo da disciplina aplicado com calma.","n/a","Não","Gostei muito do conteúdo ministrado, porém, como mencionei antes, creio que os conteúdos poderiam ser voltado à um unico projeto do semestre para cada etapa ser feita com mais empenho","Engenharia de Requisitos","Melhoria continua do processo de desenvolvimento de software","Não sei"
2020,"Sim",4,4,5,5,3,"não conhecer as tecnologias envolvidas no desenvolvimento, conciliar o projeto com as outras atividades do semestre, trabalhar com as outras equipes","Sim","Ter mais contato com empresas","Sem comentários","Não sei opinar","Não sei","Engenharia de Requisitos, Qualidade do produto (requisitos não funcionais, requisitos de atributos de qualidade), Arquitetura de software","Processos ágeis, Teste de software, Gerenciamento de projetos de software","Não sei"
2020,"Sim",4,4,5,4,5,"conciliar o projeto com as outras atividades do semestre, trabalhar com as outras equipes","Sim","A ideia de todos os grupos trabalharem juntos é meio interessante, porém como a maioria ainda está pondo a prova seus conhecimentos sobre uma nova metodologia, o trabalho em equipe entre todos os grupos poderia ser melhor, talvez no começo do projeto uma intervenção maior da professora talvez ajude a guiar o projeto na direção correta.","Mas ainda sim o projeto foi interessante, serviu para consolidar os novos conhecimentos.","Não sei opinar","Creio que a matéria tomou o rumo certo, só talvez alguns ajustes sobre o projeto para melhorar a experiência.","Qualidade do produto (requisitos não funcionais, requisitos de atributos de qualidade)","Processos ágeis, Engenharia de Requisitos, Melhoria continua do processo de desenvolvimento de software, Arquitetura de software","Gostei do resumo geral da matéria."
2021,"Sim",5,5,5,5,4,"conciliar o projeto com as outras atividades do semestre, a equipe não colaborou para a aplicação do processo ágil","Sim","Poderia utilizar clientes reais em parceria com a disciplina pra eventuais vagas de trabalho futuros","Poderia ter palestrante e casos de aulos bem sucedidos no mercado de trabalho para incentivar os alunos","Não","Exemplos reais e cases de sucessos","Processos ágeis, Engenharia de Requisitos, Qualidade do produto (requisitos não funcionais, requisitos de atributos de qualidade), Arquitetura de software, Teste de software (usando ferramentas automatizadas), Teste de aceitação com usuário final, Gerenciamento de projetos de software - Estimativa de tempo e recursos, Gerenciamento de projetos de software - Monitoramento das atividades, Deployment da aplicação, Versionamento da aplicação","Processos ágeis, Engenharia de Requisitos, Qualidade do produto (requisitos não funcionais, requisitos de atributos de qualidade), Arquitetura de software, Teste de software, Versionamento do software, Gerenciamento de projetos de software","Teste unitário "
2021,"Não",5,5,5,4,5,"não conhecer as tecnologias envolvidas no desenvolvimento, conciliar o projeto com as outras atividades do semestre","Sim",,".","Não",,"Gerenciamento de projetos de software - Estimativa de tempo e recursos, Gerenciamento de projetos de software - Monitoramento das atividades","Processos ágeis, Design Thinking, Engenharia de Requisitos, Melhoria continua do processo de desenvolvimento de software, Qualidade do produto (requisitos não funcionais, requisitos de atributos de qualidade), Gerenciamento de projetos de software","Não sei opinar"
2021,"Sim",4,5,4,4,4,"conciliar o projeto com as outras atividades do semestre","Sim","Não tenho sugestões para melhoria. Durante o período de realização da disciplina consegui me desenvolver bastante com o conteúdo da matéria e o trabalho fluiu bem com a equipe.","Não tenho sugestões para melhoria. Durante o período de realização da disciplina consegui me desenvolver bastante com o conteúdo da matéria e o trabalho fluiu bem com a equipe.","Sim",,"Melhoria continua do processo de desenvolvimento de software, Teste de software (usando ferramentas automatizadas), Teste de aceitação com usuário final, Deployment da aplicação","Processos ágeis, Design Thinking, Engenharia de Requisitos, Arquitetura de software, Gerenciamento de projetos de software","Requisitos de segurança e qualidade mais aprofundados"
2021,"Sim",4,4,5,4,5,"conciliar o projeto com as outras atividades do semestre, trabalhar em equipe","Sim",,,"Não sei opinar","Na minha opinião a forma como foi empregado o conteúdo, sendo abordado o conteúdo teórico e já em seguida a prática foi bastante útil, ajudando na aprendizagem","Arquitetura de software","Design Thinking, Engenharia de Requisitos, Qualidade do produto (requisitos não funcionais, requisitos de atributos de qualidade), Teste de software","Mais aprofundado a parte de deployment"
2021,"Não",4,4,5,4,5,"entender o método ágil e aplicá-lo ao mesmo tempo, não conhecer as tecnologias envolvidas no desenvolvimento, conciliar o projeto com as outras atividades do semestre","Sim","Incentivar o feedback dos colegas de outras equipes","Por ser uma disciplina no final do curso, é esperado uma maior maturidade e conhecimento do aluno para desenvolver um projeto mais complexo, mas pelo mesmo motivo o aluno não possui tanto tempo disponível, seja estágio, TFG ou outras disciplinas que também cobram bastante. O gerenciamento do tempo do aluno acaba ficando um pouco bagunçado, mesmo sendo um projeto com bastante prazo.","Sim","Aulas pré-gravadas para quem prefere assistir em casa e aula presencial, mas seria muito mais trabalhoso para o professor dar duas aulas e em casa o aluno não teria um momento de interação parar tirar duvidas e conversar com o professor.","Qualidade do produto (requisitos não funcionais, requisitos de atributos de qualidade), Arquitetura de software","Processos ágeis, Design Thinking, Engenharia de Requisitos","Que outros papéis e carreiras existem além de engenheiro/arquiteto, mas ainda dentro do contexto de engenharia de software."
2021,"Sim",4,4,4,4,4,"conciliar o projeto com as outras atividades do semestre, trabalhar em equipe, desenvolvimento do projeto sem contato direto com o grupo","Sim","Apresentar questões de arquitetura de projeto e codigo limpo, nao de maneira muito aprofundada porque acredito que dê pra fazer uma disciplina só disso, mas uma visao geral e dando enfase na importancia de um código bem escrito e uma arquitetura adequada","Ao desenvolver o projeto eu agi mais na parte de codificar entao usei as tecnologias que ja sabia pra nao perder muito tempo.","Não sei opinar",,"Teste de software (usando ferramentas automatizadas), Gerenciamento de projetos de software - Estimativa de tempo e recursos, Gerenciamento de projetos de software - Monitoramento das atividades, Deployment da aplicação","Processos ágeis, Design Thinking, Qualidade do produto (requisitos não funcionais, requisitos de atributos de qualidade), Arquitetura de software, Teste de software, Versionamento do software",
2021,"Não",5,4,4,5,5,"conciliar o projeto com as outras atividades do semestre","Sim",,,"Não","Não sei opinar","Design Thinking, Engenharia de Requisitos, Gerenciamento de projetos de software - Estimativa de tempo e recursos","Melhoria continua do processo de desenvolvimento de software, Teste de software","Nenhum"
2021,"Não",4,4,4,5,4,"não conhecer as tecnologias envolvidas no desenvolvimento, conciliar o projeto com as outras atividades do semestre","Sim","Não tenho sugestão para apresentar. Acredito que a disciplina funcionou bem. ","O projeto foi legal de fazer, foi uma boa oportunidade de aplicar os conhecimentos adquiridos no curso.","Não","Não tenho nenhuma ideia sobre uma possível melhoria, acredito que a forma como a disciplina foi oferecida está bem próximo do ideal.","Arquitetura de software, Teste de software (usando ferramentas automatizadas), Gerenciamento de projetos de software - Estimativa de tempo e recursos","Processos ágeis, Design Thinking, Arquitetura de software","Tanto essa disciplina quanto as outras disciplinas de engenharia de software foram bem abrangentes. Considerando as limitações de tempo das disciplinas, eu acredito que os principais tópicos foram abordados."
2021,"Sim",5,4,5,2,3,"desenvolvimento do projeto sem contato direto com o grupo, desenvolvimento do projeto a distância, Falta de experiência da equipe em relação a metodologias ágeis e algumas tecnologias","Sim","Acredito que um ponto importante - e que agregaria bastante a disciplina - é de que, além do processo de desenvolvimento do projeto, existir trabalhos menores relacionados a tópicos grandes e que foram apresentados na disciplina para mostrar a aplicabilidade da teoria na prática, principalmente para pessoas que não estão no mercado de trabalho e não possuem experiência com o que é apresentado em aula. Por exemplo, explicar como funciona e qual a importância do versionamento de código e em seguida aplicar algum teste para entender se os estudantes entenderam bem os conceitos; isso pode ser aplicado também para testes unitários ou de integração, cerimônias do Scrum ou de outras metodologias ágeis do mercado.","Como eu havia acabado de entrar no mercado de trabalho, o desenvolvimento do projeto foi importante para que eu pudesse consolidar os conhecimentos teóricos (disciplina) e práticos (estágio). Porém, acho que faltou um pouco de conhecimento sobre algumas coisas por parte dos outros membros da equipe, principalmente relacionado com esse processo de gestão de projetos, de entender quais eram os papéis, de saber como funcionava o ciclo de vida de um projeto ou a aplicação de metodologias ágeis. Acredito que algo que agregaria bastante a disciplina seria a solidificação desses conhecimentos - algo que, durante todo o curso de Sistemas, é mal aplicado.","Não","Definição de prazos semanais para a entrega de tarefas relacionados ao que foram abordadas durante as aulas.","Design Thinking, Gerenciamento de projetos de software - Estimativa de tempo e recursos","Processos ágeis, Melhoria continua do processo de desenvolvimento de software, Arquitetura de software, Teste de software, Versionamento do software","Não acho que tenha faltado alguma coisa durante o curso, porém o problema estava no processo de aprofundamento do tema. Nessa disciplina, principalmente por ter sido inteiramente virtual, acredito que tenha sido bem aplicado, porém nas outras disciplinas de Engenharia de Software, acho que foi o principal problema."
2021,"Sim",5,4,3,2,5,"conciliar o projeto com as outras atividades do semestre, a equipe não colaborou para a aplicação do processo ágil, desenvolvimento do projeto sem contato direto com o grupo, Nem todos da equipe contribuirám com o desenvolvimento do projeto (dev, acompanhamento, testes, etc)","Sim",,,"Não sei opinar",".","Teste de software (usando ferramentas automatizadas)","Processos ágeis, Qualidade do produto (requisitos não funcionais, requisitos de atributos de qualidade), Arquitetura de software, Gerenciamento de projetos de software",
2021,"Sim",5,5,5,5,4,"conciliar o projeto com as outras atividades do semestre, a equipe não colaborou para a aplicação do processo ágil, trabalhar em equipe","Sim","O maior problema, que nao tem a ver diretamente com a disciplina, é a colaboração da equipe com o trabalho. No fim da sprint, poderia existir feedback de participação entre os membros da equipe, contabilizando parte da nota.","-","Não","-","Qualidade do produto (requisitos não funcionais, requisitos de atributos de qualidade)","Melhoria continua do processo de desenvolvimento de software, Arquitetura de software, Gerenciamento de projetos de software","-"
2021,"Não",4,4,5,2,5,"conciliar o projeto com as outras atividades do semestre, desenvolvimento do projeto sem contato direto com o grupo","Sim",,,"Não","Atividades práticas baseados em aulas para serem desenvolvidas em sala","Arquitetura de software, Teste de software (usando ferramentas automatizadas), Gerenciamento de projetos de software - Estimativa de tempo e recursos","Processos ágeis, Design Thinking, Qualidade do produto (requisitos não funcionais, requisitos de atributos de qualidade), Gerenciamento de projetos de software","aplicação de outros métodos e soluções de problemas no ambiente de desenvolvimento"
2021,"Sim",5,4,3,3,5,"conciliar o projeto com as outras atividades do semestre","Sim","A disciplina foi ótima, seria melhor ainda se fosse mais cedo no curso. Você foi uma das únicas professoras que propôs metodologias e tecnologias atuais que estão em alta no mercado de trabalho. Eu traria projetos menores e que interagem entre si, para que os alunos precisem integrar seus projetos. Uma equipe faz um serviço de uma API, outro faz frontend, outro a infraestrutura e assim por diante. Uma equipe de tecnologia funciona assim e essa proximidade seria muito valiosa. Parabéns pelas ótimas aulas e interesse em fazer essa disciplina ser ótima para os estudantes!!","-","Não",,"Qualidade do produto (requisitos não funcionais, requisitos de atributos de qualidade), Gerenciamento de projetos de software - Estimativa de tempo e recursos, Deployment da aplicação","Arquitetura de software, Teste de software",
2021,"Não",5,5,4,5,4,"entender o método ágil e aplicá-lo ao mesmo tempo, conciliar o projeto com as outras atividades do semestre, a equipe não colaborou para a aplicação do processo ágil, trabalhar em equipe, desenvolvimento do projeto a distância","Sim","realizar um projeto fixo com autenticação de CRUD ","O desafio de aprender a metodologia agil","Sim","Pedir uma arquitetura dentro do projeto, como MVC ou Hexagonal","Processos ágeis, Engenharia de Requisitos, Melhoria continua do processo de desenvolvimento de software, Arquitetura de software, Teste de aceitação com usuário final","Design Thinking, Engenharia de Requisitos, Qualidade do produto (requisitos não funcionais, requisitos de atributos de qualidade), Teste de software, Gerenciamento de projetos de software","Não sei ao certo"
2022,"Sim",5,4,3,2,4,"conciliar o projeto com as outras atividades do semestre, a equipe não colaborou para a aplicação do processo ágil, desenvolvimento do projeto sem contato direto com o grupo, Nem todos da equipe contribuirám com o desenvolvimento do projeto (dev, acompanhamento, testes, etc)","Sim",,,"Não sei opinar",,"Teste de software (usando ferramentas automatizadas)","Processos ágeis, Qualidade do produto (requisitos não funcionais, requisitos de atributos de qualidade), Arquitetura de software, Gerenciamento de projetos de software",
2022,"Sim",5,5,5,5,5,"conciliar o projeto com as outras atividades do semestre, a equipe não colaborou para a aplicação do processo ágil","Sim","Melhorar a disposição das atividades para todos os membros do grupo desde o inicio da disciplina, independente do cargo; Disposição dos story points por sprint","Foi muito bom o desenvolvimento durante a disciplina, podendo executar um projeto que me agradou, aumentando meu conhecimento nas tecnologias ","Não",,"Processos ágeis, Engenharia de Requisitos, Qualidade do produto (requisitos não funcionais, requisitos de atributos de qualidade), Arquitetura de software, Teste de software (usando ferramentas automatizadas), Teste de aceitação com usuário final, Gerenciamento de projetos de software - Estimativa de tempo e recursos, Gerenciamento de projetos de software - Monitoramento das atividades, Deployment da aplicação, Versionamento da aplicação","Processos ágeis, Engenharia de Requisitos, Qualidade do produto (requisitos não funcionais, requisitos de atributos de qualidade), Arquitetura de software, Teste de software, Versionamento do software, Gerenciamento de projetos de software","Profundidade maior em melhorias e sustentação de projetos já publicados"
2022,"Não",5,5,5,4,5,"não conhecer as tecnologias envolvidas no desenvolvimento, conciliar o projeto com as outras atividades do semestre","Sim",,,"Não",,"Gerenciamento de projetos de software - Estimativa de tempo e recursos, Gerenciamento de projetos de software - Monitoramento das atividades","Processos ágeis, Design Thinking, Engenharia de Requisitos, Melhoria continua do processo de desenvolvimento de software, Qualidade do produto (requisitos não funcionais, requisitos de atributos de qualidade), Gerenciamento de projetos de software",
2022,"Sim",4,4,5,4,4,"conciliar o projeto com as outras atividades do semestre, trabalhar em equipe","Sim","Acredito que a abordagem prática ajudou bastante","Testes são super importantes!","Não sei opinar",,"Arquitetura de software","Design Thinking, Engenharia de Requisitos, Qualidade do produto (requisitos não funcionais, requisitos de atributos de qualidade), Teste de software",
2022,"Não",5,5,4,5,3,"entender o método ágil e aplicá-lo ao mesmo tempo, conciliar o projeto com as outras atividades do semestre, a equipe não colaborou para a aplicação do processo ágil, trabalhar em equipe, desenvolvimento do projeto a distância","Sim",,,"Sim","Não sei opinar","Processos ágeis, Engenharia de Requisitos, Melhoria continua do processo de desenvolvimento de software, Arquitetura de software, Teste de aceitação com usuário final","Design Thinking, Engenharia de Requisitos, Qualidade do produto (requisitos não funcionais, requisitos de atributos de qualidade), Teste de software, Gerenciamento de projetos de software","A questão do código limpo, mas não sei se esta no escopo da disciplina, como aborda arquitetura, acredito que possa abordar tanto codigo limpo quanto arquitetura limpa"
2022,"Sim",4,5,4,4,5,"conciliar o projeto com as outras atividades do semestre","Sim",,,"Sim","Mais proximidade com cenários reais (similar a empresas)","Melhoria continua do processo de desenvolvimento de software, Teste de software (usando ferramentas automatizadas), Teste de aceitação com usuário final, Deployment da aplicação","Processos ágeis, Design Thinking, Engenharia de Requisitos, Arquitetura de software, Gerenciamento de projetos de software",
2022,"Não",4,4,4,5,4,"não conhecer as tecnologias envolvidas no desenvolvimento, conciliar o projeto com as outras atividades do semestre","Sim",,,"Não",,"Arquitetura de software, Teste de software (usando ferramentas automatizadas), Gerenciamento de projetos de software - Estimativa de tempo e recursos","Processos ágeis, Design Thinking, Arquitetura de software",
2022,"Sim",5,5,5,5,5,"conciliar o projeto com as outras atividades do semestre, a equipe não colaborou para a aplicação do processo ágil, trabalhar em equipe","Sim","Não necessariamente relacionado à abordagem, mas apresentar frameworks que os alunos possam usar para desenvolver projetos de forma mais rápida ao invés de codar do zero pode ajudar num melhor gerenciamento de tempo, visto que a ideia da disciplina é mais acompanhar um desenvolvimento seguindo escopo e sprint, e não algo que está avaliando necessariamente a implementação. Obviamente por ser uma matéria do último ano, não pode ser um framework ""hello world"" também ou algo muito simples/não sofisticado, mas frameworks como Laravel conseguem gerar projetos bem elaborados.","É uma máteria bastante prática, o que considera ser a mais produtiva da faculdade.","Não","Aprofundamentos em questões de qualidade de software e questões de segurança","Qualidade do produto (requisitos não funcionais, requisitos de atributos de qualidade)","Melhoria continua do processo de desenvolvimento de software, Arquitetura de software, Gerenciamento de projetos de software",
2022,"Sim",4,4,4,4,4,"conciliar o projeto com as outras atividades do semestre, trabalhar em equipe, desenvolvimento do projeto sem contato direto com o grupo","Sim",,,"Não sei opinar",,"Teste de software (usando ferramentas automatizadas), Gerenciamento de projetos de software - Estimativa de tempo e recursos, Gerenciamento de projetos de software - Monitoramento das atividades, Deployment da aplicação","Processos ágeis, Design Thinking, Qualidade do produto (requisitos não funcionais, requisitos de atributos de qualidade), Arquitetura de software, Teste de software, Versionamento do software",
2022,"Não",4,4,5,2,5,"conciliar o projeto com as outras atividades do semestre, desenvolvimento do projeto sem contato direto com o grupo","Sim",,,"Não",,"Arquitetura de software, Teste de software (usando ferramentas automatizadas), Gerenciamento de projetos de software - Estimativa de tempo e recursos","Processos ágeis, Design Thinking, Qualidade do produto (requisitos não funcionais, requisitos de atributos de qualidade), Gerenciamento de projetos de software","Design Patterns, DDD, Testes e2e"
2022,"Sim",5,4,3,3,5,"conciliar o projeto com as outras atividades do semestre","Sim","Cobranças um pouco mais individuais","A expriência foi muito interessante, a medida que o projeto andou tivemos algumas dificuldades como equipe que proporcionaram novos aprendizados sobre pessoas também","Não","Pequenos exercicios que trabalhassem alguns conceitos apresentados, pra nao ficar apenas na teoria e projeto final","Qualidade do produto (requisitos não funcionais, requisitos de atributos de qualidade), Gerenciamento de projetos de software - Estimativa de tempo e recursos, Deployment da aplicação","Arquitetura de software, Teste de software",
2022,"Não",4,4,5,4,4,"entender o método ágil e aplicá-lo ao mesmo tempo, não conhecer as tecnologias envolvidas no desenvolvimento, conciliar o projeto com as outras atividades do semestre","Sim",,,"Sim",,"Qualidade do produto (requisitos não funcionais, requisitos de atributos de qualidade), Arquitetura de software","Processos ágeis, Design Thinking, Engenharia de Requisitos",
2022,"Sim",5,4,5,2,5,"desenvolvimento do projeto sem contato direto com o grupo, desenvolvimento do projeto a distância, Falta de experiência da equipe em relação a metodologias ágeis e algumas tecnologias","Sim",,,"Não",,"Design Thinking, Gerenciamento de projetos de software - Estimativa de tempo e recursos","Processos ágeis, Melhoria continua do processo de desenvolvimento de software, Arquitetura de software, Teste de software, Versionamento do software",
2023,"Sim",5,3,4,3,5,"conciliar o projeto com as outras atividades do semestre, a equipe não colaborou para a aplicação do processo ágil, trabalhar em equipe","Sim","Devido ao tempo da disciplina não consigo ver muito no que melhorar, quem sabe incluir a utilização um estrutura de pipelines com deploy automático no projeto seria legal, já que é muito utilizado","Durante o desenvolvimento do projeto, o único problema que tive foi relacionado ao engajamento da equipe. Infelizmente, muitos membros optavam por realizar suas tarefas na última hora, o que gerava imprevistos capazes de comprometer a qualidade do projeto, além de sobrecarregar a todos em determinados dias. Porém não consigo pensar em uma maneira de isso não ocorrer, pois o trabalho proposto é fundamentalmente colaborativo e exige esforços coletivos para o seu sucesso.","Sim","Trabalhar com ferramentas e tecnologias atualizadas que são amplamente usadas na indústria. Isso pode envolver o uso de plataformas de desenvolvimento, ambientes de integração contínua, sistemas de controle de versão e outras ferramentas relevantes.","Processos ágeis, Gerenciamento de projetos de software - Monitoramento das atividades","Arquitetura de software, Teste de software","Alguns aspectos de DevOps, com maior foco na tecnologia utilizada"
2023,"Não",4,5,5,4,4,"entender o método ágil e aplicá-lo ao mesmo tempo, não conhecer as tecnologias envolvidas no desenvolvimento, conciliar o projeto com as outras atividades do semestre","Sim","Acho que fazer atividades práticas semana sim - semana não facilitaria para o acompanhamento da disciplina! Assim, não juntaria muitas atividades a serem feitas em conjunto com o projeto ao mesmo tempo!","Achei a disciplina bem bacana! Acho que o método de média sendo a nota mínima quando um dos itens da disciplina é abaixo de 6 um pouco rigoroso, mas acredito que deva ter um propósito para isso!","Sim","Não tenho opinião sobre, no momento!","Arquitetura de software, Teste de software (usando ferramentas automatizadas), Gerenciamento de projetos de software - Estimativa de tempo e recursos","Processos ágeis, Design Thinking, Melhoria continua do processo de desenvolvimento de software, Teste de software","Por enquanto não há nenhum!"
2023,"Sim",5,3,5,3,4,"não conhecer as tecnologias envolvidas no desenvolvimento, conciliar o projeto com as outras atividades do semestre, desenvolvimento do projeto sem contato direto com o grupo, desenvolvimento do projeto a distância","Sim","Projetos de escopo ja definido ajudam a ter um melhor direcionamento, como escolhemos um tema muito amplo não conseguimos finalizar o projeto.","podemos ter um ciclo rotativo dos cargos na equipe, para que todos experimentem diferentes posições dentro de uma equipe","Sim","Por mais que seja duro para nós alunos, aulas e encontros das equipes totalmente presenciais são mais efetivos.","Engenharia de Requisitos, Arquitetura de software, Teste de software (usando ferramentas automatizadas)","Processos ágeis, Design Thinking, Melhoria continua do processo de desenvolvimento de software, Arquitetura de software, Gerenciamento de projetos de software - Monitoramento das atividades","Desenvolvimento utilizando boas práticas "
2023,"Sim",5,5,5,5,5,"não conhecer as tecnologias envolvidas no desenvolvimento, conciliar o projeto com as outras atividades do semestre","Sim","Acredito que dadas as limitações dos alunos que cursam a disciplina em reta final da graduação, e geralmente já envolvidos com demais atividades (estágio, trabalho, outros projetos), a abordagem proposta foi muito satisfatória e conseguiu abordar de forma prática muitas questões do processo de desenvolvimento de software com aplicação de metodologias ágeis.","Um ponto que talvez possa ser adicionado em semestres futuros, seriam questões de métricas de resultados (posso estar errado e esse assunto não envolver tanto a ementa da disciplina, mas fica apenas como comentário). Como por exemplo, rendimento de time individualmente, métricas de esforço imposto em relação ao valor para cliente, frequência de deploy, quantidades de bugs gerados por atividade, tempos médios de correções e afins.","Sim","Tenho uma facilidade e um apreço maior nas aulas presenciais, justamente pelo fato do compromisso formal. No entanto, as aulas gravadas tem um valor enorme para serem usados de apoio para estudos. Acreditando na individualidade de cada aluno, bem como na maturidade dos discentes em fim de curso, creio que um exercício de aplicar as aulas teóricas presenciais mas também disponibilizar o conteúdo para aqueles que prefiram assistir de forma remota seria um bom modelo.","Engenharia de Requisitos, Arquitetura de software, Teste de software (usando ferramentas automatizadas)","Processos ágeis, Melhoria continua do processo de desenvolvimento de software, Arquitetura de software, Teste de software, Gerenciamento de projetos de software - Monitoramento das atividades","Métricas de desempenho (já citado em um campo anterior)"
2023,"Sim",5,5,5,5,4,"conciliar o projeto com as outras atividades do semestre, a equipe não colaborou para a aplicação do processo ágil, trabalhar em equipe","Sim","O maior problema, que nao tem a ver diretamente com a disciplina, é a colaboração da equipe com o trabalho. No fim da sprint, poderia existir feedback de participação entre os membros da equipe, contabilizando parte da nota.","-","Não","-","Qualidade do produto (requisitos não funcionais, requisitos de atributos de qualidade)","Melhoria continua do processo de desenvolvimento de software, Arquitetura de software, Gerenciamento de projetos de software","-"
2023,"Não",4,4,4,5,4,"não conhecer as tecnologias envolvidas no desenvolvimento, conciliar o projeto com as outras atividades do semestre","Sim",,,"Não",,"Arquitetura de software, Teste de software (usando ferramentas automatizadas), Gerenciamento de projetos de software - Estimativa de tempo e recursos","Processos ágeis, Design Thinking, Arquitetura de software",
